<?xml version="1.0" encoding="UTF-8"?>
<project-private xmlns="http://www.netbeans.org/ns/project-private/1">
    <editor-bookmarks xmlns="http://www.netbeans.org/ns/editor-bookmarks/2" lastBookmarkId="0"/>
    <open-files xmlns="http://www.netbeans.org/ns/projectui-open-files/2">
        <group>
            <file>file:/C:/Users/mdeni/Documents/NetBeansProjects/programa1_LD/src/programa1_ld/</file>
            <file>file:/C:/Users/mdeni/Documents/NetBeansProjects/programa1_LD/src/programa1_ld/Contadorr.java</file>
            <file>file:/C:/Users/mdeni/Documents/NetBeansProjects/programa1_LD/src/programa1_ld/Programa1_LD.java</file>
            <file>file:/C:/Users/mdeni/Documents/NetBeansProjects/programa1_LD/src/programa1_ld/punto2dd.java</file>
        </group>
    </open-files>
</project-private>
